{
  "version": "1.1",
  "gridBounds": {
    "min": [
      -20.400000000000002,
      -9.4,
      -17.400000000000002
    ],
    "max": [
      14.400000000000002,
      11.000000000000002,
      14.2
    ]
  },
  "sceneBounds": {
    "min": [
      -20.594614855587338,
      -9.958455970472478,
      -17.49241617234254
    ],
    "max": [
      14.899975081041537,
      10.932099886661163,
      14.711587661088728
    ]
  },
  "voxelResolution": 0.05,
  "leafSize": 4,
  "treeDepth": 8,
  "numInteriorNodes": 48669,
  "numMixedLeaves": 146572,
  "nodeCount": 288248,
  "leafDataCount": 293144
}