{
  "version": "1.1",
  "gridBounds": {
    "min": [
      -57.6,
      -9.8,
      -24.200000000000003
    ],
    "max": [
      45.20000000000001,
      33.60000000000001,
      35.6
    ]
  },
  "sceneBounds": {
    "min": [
      -57.53599462699449,
      -10.803582014358048,
      -24.30703153513306
    ],
    "max": [
      45.665553177452125,
      33.63428327268208,
      36.091785616503174
    ]
  },
  "voxelResolution": 0.05,
  "leafSize": 4,
  "treeDepth": 10,
  "numInteriorNodes": 71421,
  "numMixedLeaves": 224192,
  "nodeCount": 336648,
  "leafDataCount": 448384
}