{
  "version": "1.1",
  "gridBounds": {
    "min": [
      -36.2,
      -5.800000000000001,
      -24.8
    ],
    "max": [
      42.60000000000001,
      16.8,
      24.2
    ]
  },
  "sceneBounds": {
    "min": [
      -36.623963072409616,
      -6.484468250928044,
      -25.213085931293882
    ],
    "max": [
      42.650399873710995,
      16.87954524856833,
      24.479889129450065
    ]
  },
  "voxelResolution": 0.05,
  "leafSize": 4,
  "treeDepth": 9,
  "numInteriorNodes": 68616,
  "numMixedLeaves": 218240,
  "nodeCount": 324343,
  "leafDataCount": 436480
}