{
  "version": "1.1",
  "gridBounds": {
    "min": [
      -36.400000000000006,
      -5.6000000000000005,
      -25
    ],
    "max": [
      42.8,
      17,
      24.400000000000006
    ]
  },
  "sceneBounds": {
    "min": [
      -36.623963072409616,
      -6.484468250928044,
      -25.213085931293882
    ],
    "max": [
      42.650399873710995,
      16.87954524856833,
      24.479889129450065
    ]
  },
  "voxelResolution": 0.05,
  "leafSize": 4,
  "treeDepth": 9,
  "numInteriorNodes": 158622,
  "numMixedLeaves": 372370,
  "nodeCount": 844884,
  "leafDataCount": 744740
}