{
  "version": "1.1",
  "gridBounds": {
    "min": [
      -44.99999999999999,
      -8.4,
      -90
    ],
    "max": [
      82.80000000000001,
      27.6,
      47.400000000000006
    ]
  },
  "sceneBounds": {
    "min": [
      -44.369925419264945,
      -8.92276186749653,
      -89.0556515366868
    ],
    "max": [
      82.86166816184516,
      27.26544744607632,
      47.696829379079226
    ]
  },
  "voxelResolution": 0.15,
  "leafSize": 4,
  "treeDepth": 8,
  "numInteriorNodes": 44802,
  "numMixedLeaves": 113886,
  "nodeCount": 253064,
  "leafDataCount": 227772
}