{
  "version": "1.1",
  "gridBounds": {
    "min": [
      -45.599999999999994,
      -9.6,
      -91.2
    ],
    "max": [
      84,
      27.599999999999994,
      47.999999999999986
    ]
  },
  "sceneBounds": {
    "min": [
      -44.369925419264945,
      -8.92276186749653,
      -89.0556515366868
    ],
    "max": [
      82.86166816184516,
      27.26544744607632,
      47.696829379079226
    ]
  },
  "voxelResolution": 0.3,
  "leafSize": 4,
  "treeDepth": 7,
  "numInteriorNodes": 10672,
  "numMixedLeaves": 24662,
  "nodeCount": 62357,
  "leafDataCount": 49324
}